Symbol,Company,GICS_Sector,GICS_Sub_Industry,Current_Price,High_52_Week,Low_52_Week,SMA5,SMA10,SMA20,SMA50,SMA200,Score,Target_Pcnt,Target_Price,Stop_Loss
MMM,3M,Industrials,Industrial Conglomerates,161.74,173.09,123.2,162.91,164.68,167.53,164.57,151.93,0.2,7.98,174.65,160.42
AOS,A. O. Smith,Industrials,Building Products,68.14,73.9,58.72,68.23,68.0,67.07,66.81,67.54,0.1,2.25,69.67,64.47
ABT,Abbott Laboratories,Health Care,Health Care Equipment,125.86,138.33,109.61,126.61,124.77,125.93,126.83,129.51,0.0,3.54,130.32,121.54
ABBV,AbbVie,Health Care,Biotechnology,228.1,242.63,165.03,225.27,224.49,226.62,226.6,203.46,0.0,2.34,233.44,219.8
ACN,Accenture,Information Technology,IT Consulting & Other Services,274.29,394.31,232.56,272.94,271.49,264.23,252.64,275.86,0.1,3.66,284.33,244.14
ADBE,Adobe Inc.,Information Technology,Application Software,355.55,464.11,312.4,353.01,349.85,337.3,337.13,364.94,0.1,2.93,365.97,308.64
AMD,Advanced Micro Devices,Information Technology,Semiconductors,214.77,264.33,78.21,206.14,212.71,213.52,229.77,158.61,-0.2,5.86,227.36,199.68
AES,AES Corporation,Utilities,Independent Power Producers & Energy Traders,13.61,15.18,9.38,13.65,13.77,13.83,13.97,12.31,-0.2,3.75,14.12,13.54
AFL,Aflac,Financials,Life & Health Insurance,110.27,114.41,97.05,110.44,109.44,109.71,109.58,105.81,0.0,1.56,111.99,107.43
A,Agilent Technologies,Health Care,Life Sciences Tools & Services,136.48,157.2,98.88,137.97,139.89,145.54,145.05,124.14,0.0,15.95,158.25,132.83
APD,Air Products,Materials,Industrial Gases,240.07,331.69,230.76,243.49,240.77,250.04,252.25,272.9,-0.2,12.41,269.86,230.22
ABNB,Airbnb,Consumer Discretionary,"Hotels, Resorts & Cruise Lines",135.46,161.42,105.69,133.41,129.84,124.1,123.39,126.47,-0.1,1.55,137.56,110.63
AKAM,Akamai Technologies,Information Technology,Internet Services & Infrastructure,89.41,102.1,68.21,87.94,86.85,87.41,82.12,78.92,0.0,1.64,90.88,83.93
ALB,Albemarle Corporation,Materials,Specialty Chemicals,147.11,147.11,50.01,137.12,134.1,128.97,112.03,80.07,0.2,-2.42,143.55,114.4
ARE,Alexandria Real Estate Equities,Real Estate,Office REITs,48.49,98.01,44.97,47.88,46.83,48.89,57.34,72.56,-0.2,13.38,54.98,42.79
ALGN,Align Technology,Health Care,Health Care Supplies,156.8,234.89,124.88,160.89,161.5,155.49,143.02,159.32,0.1,8.41,169.99,141.0
ALLE,Allegion,Industrials,Building Products,159.73,179.47,118.08,160.62,160.53,162.08,166.05,153.67,0.0,4.73,167.29,156.87
LNT,Alliant Energy,Utilities,Electric Utilities,64.94,69.47,54.87,65.4,65.17,66.36,67.05,63.41,-0.2,6.96,69.46,63.27
ALL,Allstate,Financials,Property & Casualty Insurance,205.38,213.64,177.51,208.17,205.79,207.77,202.7,200.31,0.0,5.02,215.69,199.83
GOOGL,Alphabet Inc. (Class A),Communication Services,Interactive Media & Services,304.04,323.23,144.3,303.6,309.07,312.98,287.32,211.89,0.2,7.93,328.15,297.82
GOOG,Alphabet Inc. (Class C),Communication Services,Interactive Media & Services,305.52,323.43,146.18,304.88,310.18,313.71,287.97,212.97,0.2,7.49,328.4,299.0
MO,Altria,Consumer Staples,Tobacco,58.5,66.65,48.28,58.9,58.69,58.56,59.94,59.69,0.2,1.71,59.5,57.62
AMZN,Amazon,Consumer Discretionary,Broadline Retail,228.59,254.0,167.32,224.34,226.48,228.16,229.29,215.65,-0.2,3.29,236.11,220.2
AMCR,Amcor,Materials,Paper & Plastic Packaging Products & Materials,8.31,10.15,7.82,8.32,8.27,8.37,8.27,8.87,-0.1,3.73,8.62,8.11
AEE,Ameren,Utilities,Multi-Utilities,99.12,105.59,84.39,98.74,98.29,100.44,102.14,98.41,-0.4,6.74,105.8,95.08
AEP,American Electric Power,Utilities,Electric Utilities,115.15,123.77,87.28,115.16,115.01,117.72,118.46,108.59,-0.2,7.63,123.94,111.5
AXP,American Express,Financials,Consumer Finance,375.92,384.89,230.22,378.07,375.96,369.55,359.17,312.13,0.0,3.15,387.76,351.31
AIG,American International Group,Financials,Multi-line Insurance,86.14,86.3,68.53,85.77,82.83,79.38,78.48,80.17,-0.1,2.43,88.23,70.53
AMT,American Tower,Real Estate,Telecom Tower REITs,172.41,230.32,169.21,176.92,179.0,178.87,182.03,201.66,-0.2,6.75,184.05,173.69
AWK,American Water Works,Utilities,Water Utilities,130.88,149.23,118.11,132.95,130.97,130.7,132.99,138.59,-0.2,2.63,134.32,127.08
AMP,Ameriprise Financial,Financials,Asset Management & Custody Banks,488.57,567.86,418.0,488.37,486.97,471.15,468.2,490.81,0.1,3.8,507.14,435.17
AME,Ametek,Industrials,Electrical Components & Equipment,202.41,203.84,150.67,201.85,201.07,199.04,193.99,181.67,0.2,1.11,204.66,193.41
AMGN,Amgen,Health Care,Biotechnology,327.06,345.46,250.44,325.91,321.51,330.47,316.93,293.43,0.0,7.25,350.77,310.16
APH,Amphenol,Information Technology,Electronic Components,136.52,143.57,58.79,130.28,133.58,135.91,134.46,103.71,0.0,6.24,145.04,126.78
ADI,Analog Devices,Information Technology,Semiconductors,275.73,283.39,162.63,276.11,278.02,269.71,248.86,228.49,0.2,8.08,298.01,241.4
AON,Aon plc,Financials,Insurance Brokers,351.81,407.61,326.07,352.55,349.36,348.83,346.28,360.46,-0.1,1.46,356.95,340.71
APA,APA Corporation,Energy,Oil & Gas Exploration & Production,24.08,27.1,13.47,24.35,25.25,25.3,24.07,20.41,-0.2,13.83,27.41,23.19
APO,Apollo Global Management,Financials,Asset Management & Custody Banks,146.83,172.42,107.48,146.7,146.22,139.4,131.43,134.66,0.1,5.14,154.38,124.42
AAPL,Apple Inc.,Information Technology,"Technology Hardware, Storage & Peripherals",270.7,286.19,171.83,272.69,275.36,277.37,269.35,229.53,-0.2,5.47,285.51,269.21
AMAT,Applied Materials,Information Technology,Semiconductor Materials & Equipment,257.42,275.15,125.98,255.86,261.91,257.24,239.55,186.97,0.0,10.03,283.24,231.24
APP,AppLovin,Information Technology,Application Software,726.49,726.49,219.37,686.09,693.58,653.61,616.84,449.48,0.2,6.03,770.3,536.95
APTV,Aptiv,Consumer Discretionary,Automotive Parts & Equipment,78.12,87.98,47.92,77.45,77.79,77.15,79.97,71.7,0.0,1.97,79.66,74.63
ACGL,Arch Capital Group,Financials,Property & Casualty Insurance,96.03,96.94,84.72,95.93,94.19,93.54,90.79,91.11,0.1,0.78,96.78,90.3
ADM,Archer Daniels Midland,Consumer Staples,Agricultural Products & Services,58.6,63.67,40.67,58.73,58.78,59.25,59.55,54.18,0.0,4.3,61.12,57.38
ARES,Ares Management,Financials,Asset Management & Custody Banks,166.95,192.89,115.76,169.24,171.0,163.58,154.02,161.18,0.1,8.66,181.41,145.75
ANET,Arista Networks,Information Technology,Communications Equipment,132.29,162.03,64.37,126.26,128.19,127.26,136.79,114.44,0.0,2.03,134.98,119.55
AJG,Arthur J. Gallagher & Co.,Financials,Insurance Brokers,254.81,346.41,237.85,253.3,248.77,247.43,258.83,301.04,0.2,1.26,258.02,236.85
AIZ,Assurant,Financials,Multi-line Insurance,238.6,238.6,177.67,236.05,230.47,227.71,220.89,205.2,0.2,-0.04,238.5,216.92
T,AT&T,Communication Services,Integrated Telecommunication Services,24.04,29.3,20.9,24.21,24.37,25.01,25.23,26.8,-0.2,9.78,26.39,23.64
ATO,Atmos Energy,Utilities,Gas Utilities,167.03,178.17,133.41,168.87,168.0,170.47,173.01,160.48,-0.2,5.68,176.52,164.41
ADSK,Autodesk,Information Technology,Application Software,300.88,326.79,238.84,296.28,298.22,299.86,301.11,294.03,0.2,3.37,311.02,288.7
ADP,Automatic Data Processing,Industrials,Human Resource & Employment Services,258.62,321.43,247.46,262.44,261.25,257.98,262.4,289.65,0.2,3.38,267.36,248.6
AZO,AutoZone,Consumer Discretionary,Automotive Retail,3392.74,4354.54,3185.71,3423.77,3471.85,3679.9,3776.46,3825.11,0.0,21.7,4128.96,3230.85
AVB,AvalonBay Communities,Real Estate,Multi-Family Residential REITs,179.88,222.25,173.92,179.42,177.94,179.28,180.28,193.32,0.0,2.04,183.55,175.01
AVY,Avery Dennison,Materials,Paper & Plastic Packaging Products & Materials,181.2,191.81,156.63,183.02,180.47,176.3,172.49,171.86,0.2,3.36,187.29,165.31
AXON,Axon Enterprise,Industrials,Aerospace & Defense,597.42,870.97,496.65,563.51,563.1,549.79,611.69,678.5,0.4,-1.84,586.43,513.16
BKR,Baker Hughes,Energy,Oil & Gas Equipment & Services,45.04,50.61,34.43,45.34,46.42,48.07,47.49,42.77,0.0,15.28,51.92,44.23
BALL,Ball Corporation,Materials,"Metal, Glass & Plastic Containers",52.01,59.23,44.42,51.97,50.23,49.63,48.56,51.43,0.1,1.48,52.78,46.49
BAC,Bank of America,Financials,Diversified Banks,55.14,55.33,33.82,54.82,54.53,53.7,52.61,46.69,0.2,1.41,55.92,51.49
BAX,Baxter International,Health Care,Health Care Equipment,19.14,36.1,17.41,19.22,18.87,18.76,19.69,25.98,0.0,2.19,19.56,17.97
BDX,Becton Dickinson,Health Care,Health Care Equipment,196.68,243.81,162.39,196.64,196.13,194.07,188.53,187.72,-0.2,2.4,201.4,186.75
BRK-B,Berkshire Hathaway,Financials,Multi-Sector Holdings,499.44,539.8,442.66,502.66,498.78,502.98,496.96,498.17,-0.1,3.1,514.92,491.06
BBY,Best Buy,Consumer Discretionary,Computer & Electronics Retail,71.5,86.45,53.98,71.85,72.28,73.97,76.38,70.42,0.0,10.29,78.86,69.08
TECH,Bio-Techne,Health Care,Life Sciences Tools & Services,58.26,78.3,46.53,57.7,58.72,61.15,60.93,55.13,0.2,14.37,66.63,55.67
BIIB,Biogen,Health Care,Biotechnology,173.56,182.09,113.38,172.56,174.32,177.17,162.93,140.06,0.2,6.58,184.98,169.35
BLK,BlackRock,Financials,Asset Management & Custody Banks,1060.04,1196.76,803.7,1068.07,1074.79,1058.0,1080.55,1033.81,0.0,4.5,1107.74,1008.27
BX,Blackstone Inc.,Financials,Asset Management & Custody Banks,152.93,187.02,117.47,152.46,153.25,149.29,149.38,151.12,0.0,4.17,159.31,139.27
XYZ,"Block, Inc.",Financials,Transaction & Payment Processing Services,65.13,92.95,46.53,64.37,63.61,63.22,68.19,66.71,0.0,2.3,66.63,59.8
BK,BNY Mellon,Financials,Asset Management & Custody Banks,115.77,118.68,72.12,115.02,115.95,113.58,110.18,96.68,0.0,3.56,119.89,107.27
BA,Boeing,Industrials,Aerospace & Defense,214.86,237.38,136.59,208.33,205.21,198.37,202.2,203.15,0.0,1.83,218.79,177.94
BKNG,Booking Holdings,Consumer Discretionary,"Hotels, Resorts & Cruise Lines",5426.52,5794.84,4141.9,5401.52,5323.93,5141.44,5075.81,5200.66,0.1,2.6,5567.61,4715.08
BSX,Boston Scientific,Health Care,Health Care Equipment,95.72,108.14,88.03,94.29,93.49,96.38,98.54,100.96,-0.2,7.55,102.95,89.8
BMY,Bristol Myers Squibb,Health Care,Pharmaceuticals,54.22,60.79,42.6,53.92,52.68,51.04,47.61,47.97,0.1,2.47,55.56,46.51
AVGO,Broadcom,Information Technology,Semiconductors,336.74,412.97,145.7,334.75,366.04,374.18,361.45,283.12,0.0,27.73,430.12,318.24
BR,Broadridge Financial Solutions,Industrials,Data Processing & Outsourced Services,227.43,264.73,214.68,227.9,227.8,227.48,226.5,236.42,0.1,1.57,231.0,223.96
BRO,Brown & Brown,Financials,Insurance Brokers,80.34,123.81,76.42,81.07,80.01,79.99,82.23,99.8,0.0,2.65,82.47,77.5
BF-B,Brown–Forman,Consumer Staples,Distillers & Vintners,28.83,40.13,25.25,29.46,29.91,29.52,28.25,29.81,-0.3,8.22,31.2,27.83
BLDR,Builders FirstSource,Industrials,Building Products,104.09,173.51,94.85,104.21,106.15,107.87,111.48,121.5,0.0,11.29,115.84,99.89
BG,Bunge Global,Consumer Staples,Agricultural Products & Services,91.27,97.09,66.74,92.15,92.17,93.73,93.55,81.71,0.2,6.67,97.36,90.11
BXP,"BXP, Inc.",Real Estate,Office REITs,68.98,78.2,55.53,70.01,70.09,70.69,70.94,68.43,0.0,6.13,73.21,68.17
CHRW,C.H. Robinson,Industrials,Air Freight & Logistics,167.05,167.05,85.64,161.77,159.0,158.06,147.06,115.71,0.2,-1.03,165.33,150.78
CDNS,Cadence Design Systems,Information Technology,Application Software,316.72,373.37,231.64,316.56,325.19,320.86,324.49,315.07,-0.2,9.41,346.52,295.22
CPT,Camden Property Trust,Real Estate,Multi-Family Residential REITs,107.68,120.87,96.61,106.31,104.23,104.31,102.36,108.27,-0.1,0.41,108.12,100.5
CPB,Campbell's Company (The),Consumer Staples,Packaged Foods & Meats,28.6,40.61,28.18,28.59,28.68,29.48,30.2,32.71,0.0,9.83,31.41,27.54
COF,Capital One,Financials,Consumer Finance,243.94,243.94,149.12,241.53,238.4,229.18,220.21,204.11,0.0,3.06,251.4,206.97
CAH,Cardinal Health,Health Care,Health Care Distributors,201.85,213.73,114.27,199.45,198.88,202.98,189.94,158.98,0.0,6.28,214.53,191.42
CCL,Carnival,Consumer Discretionary,"Hotels, Resorts & Cruise Lines",31.27,32.49,16.43,28.89,27.77,26.77,27.32,25.86,0.0,-4.7,29.8,23.75
CARR,Carrier Global,Industrials,Building Products,53.61,80.42,50.36,53.05,53.16,53.52,55.33,63.99,-0.2,2.98,55.21,51.84
CAT,Caterpillar Inc.,Industrials,Construction Machinery & Heavy Transportation Equipment,577.09,625.61,270.85,576.7,591.32,584.18,560.97,424.63,0.2,7.81,622.16,546.23
CBOE,Cboe Global Markets,Financials,Financial Exchanges & Data,249.24,260.88,189.73,249.18,250.51,252.98,248.93,234.63,0.2,4.03,259.28,246.67
CBRE,CBRE Group,Real Estate,Real Estate Services,160.9,165.9,113.94,160.21,158.91,159.68,156.75,144.25,0.0,1.81,163.81,155.54
CDW,CDW Corporation,Information Technology,Technology Distributors,138.67,203.07,136.03,143.07,145.27,144.36,146.89,162.37,-0.2,7.95,149.69,139.02
COR,Cencora,Health Care,Health Care Distributors,342.11,374.75,222.96,343.54,342.41,349.88,345.26,302.34,0.0,9.83,375.74,324.02
CNC,Centene Corporation,Health Care,Managed Health Care,39.38,65.89,25.21,39.38,39.28,38.93,36.99,43.46,-0.3,3.89,40.91,36.96
CNP,CenterPoint Energy,Utilities,Multi-Utilities,37.78,40.0,30.14,38.12,37.93,38.54,38.96,37.36,-0.2,6.17,40.11,36.96
CF,CF Industries,Materials,Fertilizers & Agricultural Chemicals,78.11,101.28,67.27,78.34,77.83,78.27,81.66,84.22,0.2,2.69,80.21,76.33
CRL,Charles River Laboratories,Health Care,Life Sciences Tools & Services,196.66,198.15,99.75,195.97,193.53,185.62,179.55,157.3,0.2,3.74,204.02,167.22
SCHW,Charles Schwab Corporation,Financials,Investment Banking & Brokerage,99.08,99.08,68.45,96.84,96.22,94.3,94.05,89.3,0.2,0.01,99.09,89.52
CHTR,Charter Communications,Communication Services,Cable & Satellite,205.63,427.25,194.22,208.52,208.28,203.75,221.57,311.91,-0.2,4.2,214.27,193.22
CVX,Chevron Corporation,Energy,Integrated Oil & Gas,147.54,162.83,129.22,148.26,149.06,149.81,151.38,147.62,0.0,3.59,152.84,146.78
CMG,Chipotle Mexican Grill,Consumer Discretionary,Restaurants,37.78,62.24,29.81,36.8,35.63,34.57,35.34,44.66,0.0,0.4,37.93,31.22
CB,Chubb Limited,Financials,Property & Casualty Insurance,309.89,312.96,256.04,311.49,306.69,301.3,290.55,284.46,0.2,1.68,315.1,287.5
CHD,Church & Dwight,Consumer Staples,Household Products,84.96,112.09,81.52,85.22,84.18,84.15,84.91,93.64,-0.2,1.52,86.25,82.05
CI,Cigna,Health Care,Health Care Services,272.16,334.83,243.04,274.65,270.91,271.6,276.64,298.84,0.0,3.28,281.09,262.11
CINF,Cincinnati Financial,Financials,Property & Casualty Insurance,167.41,168.48,125.14,166.98,165.12,165.32,161.35,150.38,0.0,1.51,169.94,160.7
CTAS,Cintas,Industrials,Diversified Support Services,187.95,226.65,180.61,188.26,186.93,185.83,186.24,204.68,0.0,1.11,190.04,181.62
CSCO,Cisco,Information Technology,Communications Equipment,78.89,80.25,52.55,77.53,78.33,77.57,74.43,66.61,0.0,1.52,80.09,75.05
C,Citigroup,Financials,Diversified Banks,115.26,115.26,56.95,112.73,111.66,107.58,102.47,87.07,0.0,1.7,117.22,97.94
CFG,Citizens Financial Group,Financials,Regional Banks,59.06,59.06,33.29,58.53,57.96,56.16,52.93,46.14,0.0,2.22,60.37,51.95
CLX,Clorox,Consumer Staples,Household Products,98.52,158.49,98.43,100.19,101.27,103.61,107.97,122.8,-0.2,10.73,109.09,98.13
CME,CME Group,Financials,Financial Exchanges & Data,270.14,286.69,221.6,271.01,270.29,272.66,271.05,268.55,0.2,3.82,280.46,264.87
CMS,CMS Energy,Utilities,Multi-Utilities,69.64,75.44,63.06,70.24,70.17,71.82,72.88,71.26,-0.2,8.76,75.74,67.9
KO,Coca-Cola Company (The),Consumer Staples,Soft Drinks & Non-alcoholic Beverages,70.43,72.61,59.07,70.56,70.3,70.92,69.8,68.94,-0.2,3.41,72.83,69.01
CTSH,Cognizant,Information Technology,IT Consulting & Other Services,85.31,89.26,65.18,84.08,83.3,80.52,74.25,74.05,0.0,1.85,86.89,74.15
COIN,Coinbase,Financials,Financial Exchanges & Data,243.95,419.78,151.47,246.07,259.35,261.28,295.54,284.12,-0.2,17.37,286.32,236.24
CL,Colgate-Palmolive,Consumer Staples,Household Products,78.61,95.74,74.98,78.89,78.09,78.69,78.21,84.94,0.1,3.22,81.14,76.25
CMCSA,Comcast,Communication Services,Cable & Satellite,29.52,37.15,26.46,29.61,28.39,27.66,28.07,32.22,0.0,2.07,30.13,25.19
CAG,Conagra Brands,Consumer Staples,Packaged Foods & Meats,17.42,26.19,16.7,17.76,17.58,17.53,17.56,20.08,0.0,4.25,18.16,16.9
COP,ConocoPhillips,Energy,Oil & Gas Exploration & Production,91.84,103.38,80.54,92.83,93.95,91.75,89.17,90.95,0.1,6.7,97.99,85.51
ED,Consolidated Edison,Utilities,Multi-Utilities,98.62,110.5,85.06,99.42,97.7,97.97,98.77,100.85,-0.2,2.88,101.46,94.48
STZ,Constellation Brands,Consumer Staples,Distillers & Vintners,135.46,222.66,127.65,139.61,142.89,139.62,136.05,159.27,-0.3,10.49,149.67,129.56
CEG,Constellation Energy,Utilities,Electric Utilities,360.23,403.49,170.33,357.0,359.45,358.71,363.91,306.72,-0.4,4.36,375.94,341.47
COO,Cooper Companies (The),Health Care,Health Care Supplies,82.95,99.45,64.32,82.09,81.19,79.26,74.51,74.42,0.2,1.64,84.31,74.2
CPRT,Copart,Industrials,Diversified Support Services,39.1,63.84,38.41,39.05,38.86,38.98,41.33,48.92,-0.2,2.07,39.91,38.05
GLW,Corning Inc.,Information Technology,Electronic Components,89.0,95.97,38.56,87.14,89.36,86.4,85.79,63.49,-0.2,5.9,94.25,78.54
CPAY,Corpay,Financials,Transaction & Payment Processing Services,307.79,389.55,255.0,309.44,308.97,300.62,287.4,314.61,0.1,4.13,320.5,280.75
CTVA,Corteva,Materials,Fertilizers & Agricultural Chemicals,66.37,76.73,55.1,66.22,65.93,65.98,64.34,67.07,-0.1,1.16,67.14,64.81
CSGP,CoStar Group,Real Estate,Real Estate Services,65.31,96.83,63.62,64.48,66.02,67.11,69.86,79.46,-0.2,7.87,70.45,63.78
COST,Costco,Consumer Staples,Consumer Staples Merchandise Retail,855.3,1072.45,855.3,859.3,871.58,888.2,909.94,950.92,-0.2,8.7,929.71,846.72
CTRA,Coterra,Energy,Oil & Gas Exploration & Production,25.57,28.82,22.01,25.7,26.17,26.4,25.19,24.76,-0.2,8.02,27.62,25.18
CRWD,CrowdStrike,Information Technology,Systems Software,484.6,557.53,308.86,481.58,498.3,503.68,515.33,456.42,-0.2,10.13,533.69,473.66
CCI,Crown Castle,Real Estate,Telecom Tower REITs,86.52,111.32,80.2,87.81,88.82,88.55,91.05,96.48,-0.2,5.06,90.9,86.21
CSX,CSX Corporation,Industrials,Rail Transportation,36.6,37.39,26.38,36.74,36.8,36.0,35.58,32.75,0.2,3.72,37.96,34.04
CMI,Cummins,Industrials,Construction Machinery & Heavy Transportation Equipment,507.15,524.53,263.13,507.4,510.28,503.89,464.41,375.0,0.2,4.09,527.89,479.89
CVS,CVS Health,Health Care,Health Care Services,77.89,82.45,41.98,78.31,78.55,78.21,78.92,69.52,-0.2,4.13,81.11,75.31
DHR,Danaher Corporation,Health Care,Life Sciences Tools & Services,223.68,249.37,174.06,224.78,226.07,226.68,219.78,203.47,0.2,3.64,231.82,221.55
DRI,Darden Restaurants,Consumer Discretionary,Restaurants,189.38,222.41,155.17,188.75,184.55,180.61,180.3,196.6,0.1,1.15,191.56,169.67
DDOG,Datadog,Information Technology,Application Software,140.86,199.72,87.0,139.59,145.19,151.0,160.94,132.95,-0.2,17.78,165.9,136.09
DVA,DaVita,Health Care,Health Care Services,115.03,177.35,115.03,117.52,118.17,118.7,121.44,135.4,-0.2,6.11,122.06,115.33
DAY,Dayforce,Industrials,Human Resource & Employment Services,69.32,74.84,49.33,69.26,69.18,69.12,68.78,62.08,0.0,0.06,69.36,68.88
DECK,Deckers Brands,Consumer Discretionary,Footwear,98.89,223.11,79.54,102.0,101.53,95.95,91.41,105.71,0.3,10.69,109.46,82.43
DE,Deere & Company,Industrials,Agricultural & Farm Machinery,469.74,527.96,404.45,479.85,475.81,477.11,470.88,482.02,-0.1,5.58,495.95,458.28
DELL,Dell Technologies,Information Technology,"Technology Hardware, Storage & Peripherals",126.9,164.88,70.63,128.4,132.98,132.58,141.28,121.31,0.0,13.28,143.75,121.42
DAL,Delta Air Lines,Industrials,Passenger Airlines,70.83,71.27,35.54,70.62,69.8,66.95,62.06,53.79,0.2,4.69,74.15,59.75
DVN,Devon Energy,Energy,Oil & Gas Exploration & Production,35.99,38.16,26.26,35.98,36.72,36.68,34.54,33.26,0.2,6.64,38.38,34.99
DXCM,Dexcom,Health Care,Health Care Equipment,66.32,90.75,54.84,66.02,66.55,64.96,64.0,74.06,0.1,4.21,69.11,60.8
FANG,Diamondback Energy,Energy,Oil & Gas Exploration & Production,148.29,175.21,116.78,150.5,154.22,153.69,147.06,141.94,0.2,9.96,163.06,144.32
DLR,Digital Realty,Real Estate,Data Center REITs,151.5,178.07,133.15,150.2,154.31,156.07,162.89,162.75,-0.2,8.68,164.65,147.49
DG,Dollar General,Consumer Staples,Consumer Staples Merchandise Retail,137.31,137.31,67.25,135.68,131.91,120.0,109.21,102.78,0.0,6.73,146.55,93.44
DLTR,Dollar Tree,Consumer Staples,Consumer Staples Merchandise Retail,127.33,131.17,61.92,128.98,126.9,118.37,107.56,96.75,0.2,8.65,138.34,98.4
D,Dominion Energy,Utilities,Multi-Utilities,59.74,62.07,47.97,59.82,59.16,59.74,59.85,56.7,0.0,3.75,61.98,57.51
DPZ,Domino's,Consumer Discretionary,Restaurants,429.56,491.7,395.61,434.15,428.21,422.6,413.9,444.31,0.1,3.03,442.58,402.64
DASH,DoorDash,Consumer Discretionary,Specialized Consumer Services,237.21,281.74,163.16,228.87,227.21,216.54,229.44,225.37,-0.2,3.7,245.99,187.11
DOV,Dover Corporation,Industrials,Industrial Machinery & Supplies & Components,196.61,204.14,149.86,197.35,196.42,191.53,181.84,177.17,0.0,3.38,203.26,179.81
DOW,Dow Inc.,Materials,Commodity Chemicals,23.33,39.0,20.27,23.15,23.48,23.32,22.72,25.8,-0.1,5.79,24.68,21.96
DHI,D. R. Horton,Consumer Discretionary,Homebuilding,146.22,183.47,114.08,152.24,152.99,154.66,151.03,142.48,0.0,12.41,164.37,144.95
DTE,DTE Energy,Utilities,Multi-Utilities,128.35,142.03,113.69,128.92,128.96,131.03,134.97,133.64,0.0,6.11,136.19,125.87
DUK,Duke Energy,Utilities,Electric Utilities,116.2,127.92,102.07,116.7,115.77,118.27,122.02,118.75,0.0,7.14,124.5,112.03
DD,DuPont,Materials,Specialty Chemicals,41.31,41.49,22.69,40.69,40.8,40.08,37.51,31.64,0.0,1.43,41.9,38.27
ETN,Eaton Corporation,Industrials,Electrical Components & Equipment,318.12,391.62,244.95,322.61,333.4,335.27,356.05,337.84,-0.2,11.66,355.21,315.31
EBAY,eBay Inc.,Consumer Discretionary,Broadline Retail,84.38,100.1,58.89,83.0,83.51,82.8,85.89,80.14,0.0,0.91,85.15,80.46
ECL,Ecolab,Materials,Specialty Chemicals,263.46,283.99,223.93,261.64,259.74,264.08,264.44,261.92,0.0,4.82,276.16,251.99
EIX,Edison International,Utilities,Electric Utilities,60.17,75.82,46.84,59.46,58.37,58.31,57.41,54.36,0.0,0.45,60.44,56.17
EW,Edwards Lifesciences,Health Care,Health Care Equipment,85.59,86.82,67.07,84.79,84.28,84.94,82.27,77.33,-0.2,1.82,87.15,82.73
EA,Electronic Arts,Communication Services,Interactive Home Entertainment,204.0,204.2,115.97,203.99,203.82,203.03,201.53,168.02,0.0,0.62,205.26,200.81
ELV,Elevance Health,Health Care,Managed Health Care,341.18,445.96,271.77,348.86,346.51,338.49,333.64,352.76,0.1,5.99,361.62,315.35
EME,Emcor,Industrials,Construction & Engineering,611.66,777.0,341.52,613.93,621.28,615.69,648.01,548.92,0.0,5.06,642.61,588.78
EMR,Emerson Electric,Industrials,Electrical Components & Equipment,132.82,148.4,92.96,133.48,135.18,133.85,132.01,125.61,0.0,5.32,139.89,127.82
ETR,Entergy,Utilities,Electric Utilities,92.06,97.52,71.18,92.53,92.78,93.84,94.78,87.05,-0.2,5.11,96.76,90.92
EOG,EOG Resources,Energy,Oil & Gas Exploration & Production,101.98,133.44,101.78,103.41,106.6,107.68,107.27,113.53,-0.1,11.85,114.06,101.3
EPAM,EPAM Systems,Information Technology,IT Consulting & Other Services,209.82,267.63,142.2,207.83,208.32,199.67,177.69,169.48,-0.2,5.11,220.54,178.8
EQT,EQT Corporation,Energy,Oil & Gas Exploration & Production,54.06,61.17,42.04,54.13,55.67,57.45,56.42,53.86,0.0,15.39,62.38,52.52
EFX,Equifax,Industrials,Research & Consulting Services,219.65,278.79,203.71,218.55,216.87,214.08,215.7,241.28,0.0,1.27,222.44,205.73
EQIX,Equinix,Real Estate,Data Center REITs,758.29,938.45,726.09,753.96,748.92,745.87,783.48,800.15,0.0,1.19,767.31,724.45
EQR,Equity Residential,Real Estate,Multi-Family Residential REITs,61.71,72.76,58.7,61.52,61.05,61.21,60.93,64.83,-0.1,1.12,62.4,60.02
ERIE,Erie Indemnity,Financials,Insurance Brokers,282.95,445.35,275.0,287.07,283.49,289.53,297.49,344.96,0.2,7.35,303.75,275.33
ESS,Essex Property Trust,Real Estate,Multi-Family Residential REITs,258.41,305.43,247.18,259.33,257.2,258.7,257.86,269.66,-0.1,2.56,265.03,252.39
EL,Estée Lauder Companies (The),Consumer Staples,Personal Care Products,107.56,107.94,49.43,105.24,104.86,100.78,96.31,80.96,0.2,4.31,112.2,89.35
EG,Everest Group,Financials,Reinsurance,331.5,368.76,304.91,329.72,323.46,317.91,325.38,338.7,0.0,0.81,334.19,301.63
EVRG,Evergy,Utilities,Electric Utilities,72.68,78.01,57.62,73.39,73.45,74.51,75.72,69.94,-0.2,6.62,77.49,71.52
ES,Eversource Energy,Utilities,Electric Utilities,67.6,74.05,52.39,67.52,67.16,66.35,69.62,64.02,-0.2,1.21,68.42,64.28
EXC,Exelon,Utilities,Electric Utilities,43.88,47.82,35.28,44.0,43.7,44.57,45.72,44.05,0.0,6.91,46.91,42.23
EXE,Expand Energy,Energy,Oil & Gas Exploration & Production,109.49,122.89,91.44,108.78,112.42,115.98,111.15,105.85,0.0,15.12,126.04,105.92
EXPE,Expedia Group,Consumer Discretionary,"Hotels, Resorts & Cruise Lines",289.92,289.92,135.82,285.36,278.19,267.84,245.45,197.46,0.2,1.14,293.23,242.46
EXPD,Expeditors International,Industrials,Air Freight & Logistics,152.86,153.02,101.6,150.98,150.68,148.76,135.51,120.28,0.0,1.14,154.6,142.92
EXR,Extra Space Storage,Real Estate,Self-Storage REITs,130.69,154.13,122.37,131.49,130.21,130.21,134.88,139.4,-0.2,2.58,134.06,126.36
XOM,ExxonMobil,Energy,Integrated Oil & Gas,116.33,119.54,97.25,116.54,117.49,116.83,115.36,109.7,0.0,2.92,119.73,113.93
FFIV,"F5, Inc.",Information Technology,Communications Equipment,258.79,343.17,223.99,259.05,258.66,249.18,261.5,285.58,0.0,4.24,269.76,228.61
FDS,FactSet,Financials,Financial Exchanges & Data,286.6,485.96,252.61,288.23,288.78,283.49,278.42,372.5,-0.1,4.17,298.55,268.42
FICO,Fair Isaac,Information Technology,Application Software,1749.97,2206.01,1311.26,1773.25,1780.14,1781.56,1714.56,1708.72,0.0,4.91,1835.89,1727.14
FAST,Fastenal,Industrials,Trading Companies & Distributors,42.35,50.13,34.82,42.3,41.73,41.13,41.38,42.67,0.0,1.49,42.98,39.29
FRT,Federal Realty Investment Trust,Real Estate,Retail REITs,101.95,108.06,81.67,101.27,99.46,98.68,98.03,95.18,0.2,0.21,102.16,95.2
FDX,FedEx,Industrials,Air Freight & Logistics,289.49,289.49,194.55,284.5,282.05,276.55,260.07,233.54,-0.4,0.12,289.84,263.25
FIS,Fidelity National Information Services,Financials,Transaction & Payment Processing Services,65.71,81.57,61.13,66.23,66.27,65.75,65.24,71.55,0.1,2.82,67.56,63.93
FITB,Fifth Third Bancorp,Financials,Regional Banks,47.94,48.39,32.73,47.75,47.33,45.57,43.48,40.97,0.0,3.65,49.69,41.45
FSLR,First Solar,Information Technology,Semiconductors,266.79,277.39,120.38,259.4,259.62,260.42,252.82,189.59,-0.2,2.42,273.25,247.59
FE,FirstEnergy,Utilities,Electric Utilities,44.47,47.72,36.81,44.44,44.45,45.4,45.86,42.27,-0.2,7.49,47.8,43.01
FISV,Fiserv,Financials,Transaction & Payment Processing Services,67.59,237.79,59.77,68.12,67.6,65.29,81.23,145.77,-0.2,5.37,71.22,59.36
F,Ford Motor Company,Consumer Discretionary,Automobile Manufacturers,13.44,13.76,8.35,13.48,13.44,13.26,12.88,11.14,-0.2,2.46,13.77,12.75
FTNT,Fortinet,Information Technology,Systems Software,79.93,114.57,74.39,80.61,81.64,81.86,82.82,91.88,-0.2,7.29,85.76,77.96
FTV,Fortive,Industrials,Industrial Machinery & Supplies & Components,54.88,62.25,46.44,54.96,54.78,53.97,51.61,51.32,0.0,1.73,55.83,52.1
FOXA,Fox Corporation (Class A),Communication Services,Broadcasting,71.26,71.82,46.99,71.02,70.66,68.19,64.49,57.52,0.0,3.17,73.52,62.87
FOX,Fox Corporation (Class B),Communication Services,Broadcasting,63.92,63.92,43.59,63.24,62.96,60.99,57.95,52.46,0.0,2.14,65.29,56.69
BEN,Franklin Resources,Financials,Asset Management & Custody Banks,24.1,25.67,16.21,23.75,23.56,23.06,22.75,22.13,0.0,1.0,24.34,21.78
FCX,Freeport-McMoRan,Materials,Copper,49.33,49.33,28.82,48.03,47.19,44.96,42.55,40.85,0.0,2.07,50.35,39.56
GRMN,Garmin,Consumer Discretionary,Consumer Electronics,201.8,258.66,171.47,203.95,204.92,200.38,212.86,214.18,0.0,5.08,212.05,188.71
IT,Gartner,Information Technology,IT Consulting & Other Services,251.63,548.38,224.13,249.24,240.03,235.86,237.68,328.94,0.0,0.1,251.88,219.85
GE,GE Aerospace,Industrials,Aerospace & Defense,307.91,314.28,158.97,300.3,294.58,292.89,299.6,257.62,0.0,-0.63,305.97,279.81
GEHC,GE HealthCare,Health Care,Health Care Equipment,83.45,93.35,58.67,83.01,83.56,82.1,77.5,74.43,0.0,4.19,86.95,77.25
GEV,GE Vernova,Industrials,Heavy Electrical Equipment,658.01,723.0,269.69,655.84,662.53,628.23,601.46,521.03,0.2,9.24,718.81,537.63
GEN,Gen Digital,Information Technology,Systems Software,27.64,31.88,23.2,27.62,27.51,27.05,26.66,27.81,0.1,1.99,28.19,25.9
GNRC,Generac,Industrials,Electrical Components & Equipment,138.35,202.85,101.92,146.79,155.47,153.08,163.71,151.72,-0.2,24.03,171.6,134.57
GD,General Dynamics,Industrials,Aerospace & Defense,341.08,353.77,238.33,338.6,338.45,338.55,340.59,304.31,0.0,0.84,343.95,333.16
GIS,General Mills,Consumer Staples,Packaged Foods & Meats,47.99,63.06,45.64,47.88,46.96,46.87,47.24,50.98,-0.2,1.56,48.74,45.01
GM,General Motors,Consumer Discretionary,Automobile Manufacturers,81.98,81.98,42.15,81.48,79.8,76.08,69.88,55.95,0.0,3.35,84.73,67.43
GPC,Genuine Parts Company,Consumer Discretionary,Distributors,125.93,141.64,103.09,128.26,129.29,128.84,128.28,125.81,0.0,5.67,133.07,124.62
GILD,Gilead Sciences,Health Care,Biotechnology,124.92,127.23,86.72,121.26,120.78,122.45,121.44,111.86,0.2,2.0,127.42,117.49
GPN,Global Payments,Financials,Transaction & Payment Processing Services,80.31,112.42,66.86,81.54,80.65,78.43,79.4,82.17,0.0,5.38,84.63,72.23
GL,Globe Life,Financials,Life & Health Insurance,138.74,146.27,103.56,139.48,137.69,135.21,134.3,129.87,0.0,2.31,141.94,128.47
GDDY,GoDaddy,Information Technology,Internet Services & Infrastructure,126.92,214.35,123.81,125.54,126.03,126.95,129.1,157.05,0.2,2.63,130.26,123.64
GS,Goldman Sachs,Financials,Investment Banking & Brokerage,895.39,911.03,455.22,882.55,884.43,849.23,806.23,687.59,0.2,3.78,929.24,769.2
HAL,Halliburton,Energy,Oil & Gas Equipment & Services,27.78,29.12,18.84,27.72,28.2,27.36,26.34,22.89,0.0,7.02,29.73,25.0
HIG,Hartford (The),Financials,Property & Casualty Insurance,138.6,138.93,104.54,138.47,135.29,135.0,130.46,126.15,0.2,1.87,141.19,128.8
HAS,Hasbro,Consumer Discretionary,Leisure Products,82.25,83.96,49.29,81.43,81.58,81.55,77.96,70.73,0.0,1.96,83.86,79.24
HCA,HCA Healthcare,Health Care,Health Care Facilities,471.83,515.85,294.93,471.4,476.84,487.67,466.74,394.38,0.2,9.68,517.5,457.86
DOC,Healthpeak Properties,Real Estate,Health Care REITs,16.14,19.95,16.14,16.39,16.51,17.16,17.59,17.63,0.0,15.3,18.61,15.7
HSIC,Henry Schein,Health Care,Health Care Distributors,77.02,81.91,62.03,76.92,75.77,74.65,69.94,69.33,0.2,1.62,78.27,71.03
HSY,Hershey Company (The),Consumer Staples,Packaged Foods & Meats,189.98,194.06,140.14,188.67,184.64,184.72,180.64,173.69,0.0,0.83,191.56,177.89
HPE,Hewlett Packard Enterprise,Information Technology,"Technology Hardware, Storage & Peripherals",24.45,26.25,12.35,24.15,24.3,23.09,23.23,20.19,-0.2,5.64,25.83,20.35
HLT,Hilton Worldwide,Consumer Discretionary,"Hotels, Resorts & Cruise Lines",293.54,293.54,200.93,289.18,281.46,280.46,271.39,256.69,0.2,0.44,294.83,266.09
HOLX,Hologic,Health Care,Health Care Equipment,74.96,75.19,52.73,75.01,74.94,74.89,73.57,65.86,0.2,0.31,75.19,74.58
HD,Home Depot (The),Consumer Discretionary,Home Improvement Retail,346.89,420.7,329.16,353.66,353.17,351.6,364.04,369.41,0.2,4.76,363.4,339.82
HON,Honeywell,Industrials,Industrial Conglomerates,200.75,224.06,169.57,198.89,195.62,193.42,194.78,200.33,0.0,-0.19,200.37,186.48
HRL,Hormel Foods,Consumer Staples,Packaged Foods & Meats,23.76,30.86,21.29,23.88,23.84,23.56,23.09,26.95,0.3,3.2,24.52,22.6
HST,Host Hotels & Resorts,Real Estate,Hotel & Resort REITs,18.61,18.64,12.39,18.51,18.14,17.83,17.19,15.84,0.2,1.13,18.82,16.83
HWM,Howmet Aerospace,Industrials,Aerospace & Defense,203.62,209.74,107.4,197.05,195.68,197.18,198.72,173.25,0.0,1.04,205.74,188.62
HPQ,HP Inc.,Information Technology,"Technology Hardware, Storage & Peripherals",23.17,33.25,21.17,24.08,24.56,24.51,25.42,25.66,-0.2,11.74,25.89,23.14
HUBB,Hubbell Incorporated,Industrials,Industrial Machinery & Supplies & Components,440.92,471.0,312.92,437.74,442.79,436.04,437.97,403.78,-0.2,3.41,455.96,416.12
HUM,Humana,Health Care,Managed Health Care,259.8,310.91,219.64,262.73,261.2,252.5,260.12,257.58,-0.2,6.54,276.79,228.21
HBAN,Huntington Bancshares,Financials,Regional Banks,17.65,17.75,12.15,17.58,17.43,16.88,16.05,15.76,0.0,3.17,18.21,15.54
HII,Huntington Ingalls Industries,Industrials,Aerospace & Defense,335.45,335.45,156.09,327.07,322.06,315.63,306.56,255.96,0.4,-0.41,334.07,297.18
IBM,IBM,Information Technology,IT Consulting & Other Services,301.29,314.98,211.92,303.38,306.92,305.65,299.82,267.55,0.0,4.07,313.55,297.76
IEX,IDEX Corporation,Industrials,Industrial Machinery & Supplies & Components,178.13,221.67,156.86,177.57,177.4,176.02,170.33,171.98,-0.1,1.97,181.64,170.4
IDXX,Idexx Laboratories,Health Care,Health Care Equipment,703.91,766.68,361.04,698.07,700.96,719.12,687.64,572.13,0.0,8.43,763.25,674.95
ITW,Illinois Tool Works,Industrials,Industrial Machinery & Supplies & Components,249.37,269.49,215.75,252.45,252.6,250.4,247.82,249.11,-0.1,3.52,258.15,242.64
INCY,Incyte,Health Care,Biotechnology,102.61,108.26,55.17,98.64,97.18,100.18,97.78,77.83,0.2,4.73,107.46,92.91
IR,Ingersoll Rand,Industrials,Industrial Machinery & Supplies & Components,78.84,94.14,66.7,79.41,80.09,79.74,78.2,80.01,-0.1,4.54,82.42,77.07
PODD,Insulet Corporation,Health Care,Health Care Equipment,290.73,352.82,237.06,290.68,293.77,307.27,316.69,301.53,-0.2,16.41,338.44,276.1
INTC,Intel,Information Technology,Semiconductors,37.49,43.76,18.13,36.93,38.35,38.81,38.04,26.95,0.2,17.18,43.93,33.69
IBKR,Interactive Brokers,Financials,Investment Banking & Brokerage,64.45,72.99,35.93,63.15,64.44,63.97,66.76,57.43,0.0,4.07,67.07,60.86
ICE,Intercontinental Exchange,Financials,Financial Exchanges & Data,160.18,187.37,141.2,160.42,159.61,157.41,154.64,168.58,0.1,1.92,163.26,151.56
IFF,International Flavors & Fragrances,Materials,Specialty Chemicals,65.78,86.24,59.55,65.11,64.74,66.47,64.89,69.99,-0.1,7.15,70.48,62.46
IP,International Paper,Materials,Paper & Plastic Packaging Products & Materials,38.33,57.74,35.6,38.56,38.56,38.67,40.33,45.61,0.2,3.91,39.83,37.5
INTU,Intuit,Information Technology,Application Software,673.37,805.92,541.4,665.4,664.83,656.38,658.29,678.11,-0.2,1.73,685.02,627.76
ISRG,Intuitive Surgical,Health Care,Health Care Equipment,573.17,610.45,429.59,561.21,557.66,564.1,538.61,508.05,0.0,1.69,582.86,545.38
IVZ,Invesco,Financials,Asset Management & Custody Banks,26.99,27.0,11.76,26.39,26.45,25.47,24.06,19.01,0.2,2.89,27.77,23.17
INVH,Invitation Homes,Real Estate,Single-Family Residential REITs,27.14,34.81,26.09,27.13,26.78,27.31,27.91,30.78,0.0,5.42,28.61,26.01
IQV,IQVIA,Health Care,Life Sciences Tools & Services,221.39,231.92,137.0,222.13,222.34,225.12,218.37,182.21,0.0,4.91,232.26,217.98
IRM,Iron Mountain,Real Estate,Other Specialized REITs,80.06,107.44,74.93,80.35,82.37,83.11,92.77,92.78,0.0,8.96,87.23,78.98
JBHT,J.B. Hunt,Industrials,Cargo Ground Transportation,197.25,199.55,123.62,196.43,195.82,187.0,172.43,149.11,0.0,5.81,208.71,165.27
JBL,Jabil,Information Technology,Electronic Manufacturing Services,226.4,234.36,116.73,218.7,223.36,216.21,211.44,191.74,0.2,4.35,236.25,196.17
JKHY,Jack Henry & Associates,Financials,Transaction & Payment Processing Services,184.37,189.35,145.77,186.28,185.22,179.86,166.24,169.08,-0.1,4.33,192.35,167.37
J,Jacobs Solutions,Industrials,Construction & Engineering,134.15,164.04,108.92,133.74,135.37,135.26,146.89,136.17,0.0,5.3,141.26,129.26
JNJ,Johnson & Johnson,Health Care,Pharmaceuticals,207.67,214.17,137.84,209.96,207.95,206.43,197.0,170.42,0.0,2.81,213.51,199.34
JCI,Johnson Controls,Industrials,Building Products,119.68,122.66,70.88,117.91,116.89,115.84,114.81,101.98,0.2,-0.45,119.14,112.54
JPM,JPMorgan Chase,Financials,Diversified Banks,316.81,320.41,208.26,316.07,314.21,311.09,307.68,280.7,0.0,2.33,324.19,298.01
KVUE,Kenvue,Consumer Staples,Personal Care Products,17.05,23.7,13.93,17.18,17.16,17.08,16.19,19.82,0.1,2.64,17.5,16.66
KDP,Keurig Dr Pepper,Consumer Staples,Soft Drinks & Non-alcoholic Beverages,28.0,35.14,25.3,28.39,28.77,28.29,27.56,30.87,0.1,6.07,29.7,26.89
KEY,KeyCorp,Financials,Regional Banks,21.0,21.0,12.78,20.75,20.5,19.43,18.18,16.97,0.0,3.71,21.78,17.09
KEYS,Keysight Technologies,Information Technology,Electronic Equipment & Instruments,201.04,214.14,127.02,202.29,206.73,201.62,184.59,165.82,0.2,10.72,222.59,180.64
KMB,Kimberly-Clark,Consumer Staples,Household Products,100.75,142.87,98.85,102.11,102.5,103.83,107.85,124.16,0.2,6.71,107.51,100.15
KIM,Kimco Realty,Real Estate,Retail REITs,20.15,22.52,18.04,20.29,20.15,20.18,20.54,20.62,0.0,1.89,20.53,19.83
KMI,Kinder Morgan,Energy,Oil & Gas Storage & Transportation,26.63,29.9,24.4,26.53,26.85,26.95,26.74,26.85,0.1,4.28,27.77,26.12
KKR,KKR & Co.,Financials,Asset Management & Custody Banks,131.32,166.13,92.38,132.73,134.34,127.9,123.09,126.38,0.3,9.01,143.15,112.65
KLAC,KLA Corporation,Information Technology,Semiconductor Materials & Equipment,1255.21,1255.21,572.94,1219.62,1222.73,1196.15,1170.09,919.94,0.0,1.7,1276.55,1115.77
KHC,Kraft Heinz,Consumer Staples,Packaged Foods & Meats,24.7,30.79,23.35,24.68,24.53,24.75,24.62,26.24,0.1,3.0,25.44,24.07
KR,Kroger,Consumer Staples,Food Retail,62.58,73.58,57.2,62.79,62.69,64.22,65.43,67.44,-0.2,8.96,68.19,60.24
LHX,L3Harris,Industrials,Aerospace & Defense,288.65,305.49,190.99,284.29,284.32,280.53,285.87,256.93,-0.2,0.68,290.61,270.44
LH,Labcorp,Health Care,Health Care Services,251.77,290.15,210.49,256.21,258.99,262.25,265.1,256.32,-0.2,8.2,272.42,252.08
LRCX,Lam Research,Information Technology,Semiconductor Materials & Equipment,173.32,173.32,58.73,164.11,164.66,159.47,154.21,108.24,0.0,0.16,173.6,145.34
LW,Lamb Weston,Consumer Staples,Packaged Foods & Meats,43.95,76.24,43.95,56.4,57.79,58.41,60.47,55.4,0.0,48.49,65.26,51.57
LVS,Las Vegas Sands,Consumer Discretionary,Casinos & Gaming,66.61,69.49,30.23,66.87,66.58,66.87,61.72,49.47,0.2,3.83,69.16,64.58
LDOS,Leidos,Industrials,Diversified Support Services,184.07,199.55,125.82,182.95,185.1,186.96,189.35,166.57,0.0,5.03,193.33,180.59
LEN,Lennar,Consumer Discretionary,Homebuilding,106.93,141.8,101.41,112.96,116.12,122.24,122.44,117.72,0.0,28.26,137.15,107.33
LII,Lennox International,Industrials,Building Products,498.17,662.88,444.26,493.64,499.85,494.92,495.58,550.67,0.0,4.43,520.24,469.59
LLY,Lilly (Eli),Health Care,Pharmaceuticals,1074.01,1109.94,623.36,1057.83,1029.95,1044.07,955.11,815.67,0.0,3.62,1112.89,975.22
LIN,Linde plc,Materials,Industrial Gases,422.47,481.82,389.38,420.86,409.63,408.03,422.23,451.28,0.2,1.26,427.79,388.26
LYV,Live Nation Entertainment,Communication Services,Movies & Entertainment,140.83,174.06,115.79,139.18,139.31,135.28,142.27,144.66,0.2,3.1,145.2,125.38
LKQ,LKQ Corporation,Consumer Discretionary,Distributors,29.74,42.58,28.17,30.01,29.93,29.67,29.9,34.43,0.0,4.3,31.02,28.31
LMT,Lockheed Martin,Industrials,Aerospace & Defense,473.78,510.37,404.69,476.04,473.55,461.15,471.13,459.2,-0.2,3.06,488.28,434.04
L,Loews Corporation,Financials,Multi-line Insurance,106.32,108.26,80.73,105.52,104.31,105.32,102.9,94.11,0.2,2.6,109.08,101.56
LOW,Lowe's,Consumer Discretionary,Home Improvement Retail,242.43,271.68,208.44,246.67,246.24,243.94,239.28,234.05,0.2,4.77,253.99,233.89
LULU,Lululemon Athletica,Consumer Discretionary,"Apparel, Accessories & Luxury Goods",208.24,421.16,159.87,208.85,198.92,189.57,177.8,227.55,0.1,3.79,216.13,162.99
LYB,LyondellBasell,Materials,Specialty Chemicals,43.2,71.62,41.19,43.27,43.51,44.47,44.24,52.73,0.1,11.81,48.3,40.64
MTB,M&T Bank,Financials,Regional Banks,205.7,206.12,153.05,204.86,203.2,197.01,187.95,183.92,0.2,2.61,211.07,182.97
MPC,Marathon Petroleum,Energy,Oil & Gas Refining & Marketing,167.82,199.13,116.64,174.55,181.73,186.63,188.93,167.63,-0.2,20.7,202.56,170.69
MAR,Marriott International,Consumer Discretionary,"Hotels, Resorts & Cruise Lines",310.9,310.9,209.55,308.45,299.6,300.25,283.98,263.84,0.2,1.58,315.81,284.7
MMC,Marsh McLennan,Financials,Insurance Brokers,184.38,242.13,176.58,186.19,184.44,183.47,184.76,207.84,-0.2,1.84,187.77,179.17
MLM,Martin Marietta Materials,Materials,Construction Materials,635.73,655.98,450.65,629.1,626.34,620.65,618.11,570.62,0.0,0.5,638.91,602.4
MAS,Masco,Industrials,Building Products,64.2,80.35,57.89,64.82,63.97,63.88,64.23,66.06,-0.2,3.1,66.19,61.57
MA,Mastercard,Financials,Transaction & Payment Processing Services,570.44,598.17,477.88,567.45,558.94,552.05,554.14,558.62,-0.2,1.01,576.2,527.92
MTCH,Match Group,Communication Services,Interactive Media & Services,32.85,38.56,26.72,32.56,33.11,33.27,32.77,32.5,0.2,5.21,34.56,31.98
MKC,McCormick & Company,Consumer Staples,Packaged Foods & Meats,68.95,83.15,63.3,68.56,66.69,66.33,65.97,70.79,0.1,1.81,70.2,62.46
MCD,McDonald's,Consumer Discretionary,Restaurants,316.69,319.65,273.36,317.65,314.58,310.86,305.68,303.0,0.2,1.42,321.19,300.53
MCK,McKesson Corporation,Health Care,Health Care Distributors,818.77,888.45,563.82,813.76,810.42,830.26,823.12,731.01,-0.2,8.75,890.41,770.11
MDT,Medtronic,Health Care,Health Care Equipment,98.65,105.35,77.44,98.34,99.3,101.19,97.19,90.36,-0.2,7.27,105.82,96.56
MRK,Merck & Co.,Health Care,Pharmaceuticals,101.3,104.76,71.42,99.94,98.83,99.93,92.25,83.67,0.0,3.17,104.51,95.35
META,Meta Platforms,Communication Services,Interactive Media & Services,665.79,788.82,483.57,656.88,655.26,646.75,660.85,670.29,0.0,2.59,683.03,610.46
MET,MetLife,Financials,Life & Health Insurance,81.71,84.55,66.92,82.26,80.79,78.44,78.37,77.64,0.2,2.89,84.07,72.82
MTD,Mettler Toledo,Health Care,Life Sciences Tools & Services,1396.21,1506.02,970.15,1393.85,1394.31,1426.13,1405.62,1248.44,0.2,7.68,1503.44,1348.88
MGM,MGM Resorts,Consumer Discretionary,Casinos & Gaming,37.51,40.37,25.79,36.94,36.8,35.74,33.54,33.82,0.1,3.01,38.64,32.85
MCHP,Microchip Technology,Information Technology,Semiconductors,65.07,74.07,34.52,65.24,66.46,61.43,60.3,59.84,0.2,14.51,74.51,48.35
MU,Micron Technology,Information Technology,Semiconductors,267.93,267.93,64.62,242.4,247.47,238.76,227.41,141.33,0.2,-0.21,267.37,210.16
MSFT,Microsoft,Information Technology,Systems Software,482.9,541.06,352.67,478.84,481.78,481.85,499.65,472.62,-0.2,2.29,493.96,469.71
MAA,Mid-America Apartment Communities,Real Estate,Multi-Family Residential REITs,134.74,165.69,126.28,134.81,133.25,133.78,132.07,144.17,-0.1,1.97,137.39,130.17
MRNA,Moderna,Health Care,Biotechnology,33.57,47.53,22.36,30.97,29.92,27.47,26.43,27.51,0.1,-1.61,33.03,21.9
MHK,Mohawk Industries,Consumer Discretionary,Home Furnishings,107.1,139.75,97.99,109.52,109.97,111.64,114.09,114.61,0.0,9.43,117.2,106.09
MOH,Molina Healthcare,Health Care,Managed Health Care,163.31,353.24,134.51,163.14,162.4,154.84,159.13,230.09,0.0,5.0,171.48,138.2
TAP,Molson Coors Beverage Company,Consumer Staples,Brewers,47.89,61.12,42.77,47.82,47.25,46.52,45.73,50.12,-0.1,1.19,48.46,44.58
MDLZ,Mondelez International,Consumer Staples,Packaged Foods & Meats,55.12,70.19,53.79,54.39,54.25,55.31,57.39,62.85,-0.2,4.75,57.74,52.88
MPWR,Monolithic Power Systems,Information Technology,Semiconductors,950.92,1105.05,453.43,938.68,956.37,936.96,968.97,779.91,0.2,5.67,1004.84,869.12
MNST,Monster Beverage,Consumer Staples,Soft Drinks & Non-alcoholic Beverages,77.05,77.05,46.16,75.41,74.49,74.33,71.39,63.95,0.4,-0.55,76.63,72.03
MCO,Moody's Corporation,Financials,Financial Exchanges & Data,503.45,523.49,394.44,496.13,490.63,489.07,483.75,480.33,0.2,-0.36,501.64,476.47
MS,Morgan Stanley,Financials,Investment Banking & Brokerage,176.85,180.29,97.76,175.78,177.3,172.98,166.11,141.14,0.0,4.5,184.81,161.16
MOS,Mosaic Company (The),Materials,Fertilizers & Agricultural Chemicals,23.78,37.21,22.27,24.02,24.27,24.14,26.06,30.53,0.0,6.98,25.44,22.85
MSI,Motorola Solutions,Information Technology,Communications Equipment,370.46,487.57,363.49,369.47,368.75,369.68,396.38,422.83,-0.2,1.68,376.68,362.68
MSCI,MSCI Inc.,Financials,Financial Exchanges & Data,566.66,620.46,501.79,558.95,549.5,552.82,557.13,556.35,0.0,1.11,572.95,532.67
NDAQ,"Nasdaq, Inc.",Financials,Financial Exchanges & Data,95.49,96.38,65.81,93.95,92.96,91.0,88.76,85.63,0.0,0.31,95.79,86.22
NTAP,NetApp,Information Technology,"Technology Hardware, Storage & Peripherals",112.27,125.81,75.4,112.19,114.99,113.72,114.1,105.16,-0.2,7.36,120.53,106.92
NFLX,Netflix,Communication Services,Movies & Entertainment,94.82,133.91,82.84,94.39,94.74,100.14,108.3,113.28,-0.2,17.8,111.7,88.57
NEM,Newmont,Materials,Gold,102.12,102.12,36.38,99.73,97.37,93.15,88.89,67.77,0.2,1.54,103.69,82.6
NWSA,News Corp (Class A),Communication Services,Publishing,25.92,31.03,23.89,26.02,26.02,25.8,26.0,27.72,0.2,1.74,26.37,25.22
NWS,News Corp (Class B),Communication Services,Publishing,29.56,35.06,27.33,29.54,29.52,29.33,29.58,31.67,0.0,1.01,29.86,28.79
NEE,NextEra Energy,Utilities,Multi-Utilities,80.04,86.29,62.68,80.83,80.85,82.68,83.05,73.76,-0.2,8.3,86.68,78.67
NKE,"Nike, Inc.",Consumer Discretionary,"Apparel, Accessories & Luxury Goods",58.42,79.84,52.31,64.93,65.25,64.77,64.75,66.48,-0.3,18.52,69.24,60.3
NI,NiSource,Utilities,Multi-Utilities,41.19,44.13,34.46,41.44,41.44,42.13,42.66,40.55,0.0,6.6,43.91,40.36
NDSN,Nordson Corporation,Industrials,Industrial Machinery & Supplies & Components,240.92,240.92,165.71,237.97,235.99,235.98,233.44,214.96,0.4,-0.17,240.51,231.45
NSC,Norfolk Southern,Industrials,Rail Transportation,291.21,299.49,203.11,294.19,293.88,292.22,287.19,262.35,0.2,2.8,299.36,285.08
NTRS,Northern Trust,Financials,Asset Management & Custody Banks,139.4,140.09,82.84,138.68,137.65,133.9,129.5,117.13,0.2,2.2,142.47,125.32
NOC,Northrop Grumman,Industrials,Aerospace & Defense,570.05,635.37,426.05,567.65,562.76,560.25,573.66,537.52,0.0,1.31,577.52,543.0
NCLH,Norwegian Cruise Line Holdings,Consumer Discretionary,"Hotels, Resorts & Cruise Lines",23.18,29.07,15.5,21.91,20.8,19.63,20.46,20.94,0.0,-2.16,22.68,16.59
NRG,NRG Energy,Utilities,Independent Power Producers & Energy Traders,155.5,178.04,82.84,155.95,161.09,163.38,166.13,145.61,0.0,12.06,174.25,152.5
NUE,Nucor,Materials,Steel,157.82,166.57,102.37,160.12,161.41,160.17,150.07,134.11,0.2,6.01,167.3,153.03
NVDA,Nvidia,Information Technology,Semiconductors,180.55,207.03,94.29,175.93,178.99,179.65,185.63,157.54,-0.2,3.57,187.0,172.31
NVR,"NVR, Inc.",Consumer Discretionary,Homebuilding,7388.5,8543.0,6700.0,7517.05,7487.53,7495.51,7428.6,7520.1,-0.1,4.1,7691.43,7299.66
NXPI,NXP Semiconductors,Information Technology,Semiconductors,228.18,241.33,151.41,227.01,227.96,214.3,210.73,208.76,0.2,9.11,248.97,179.63
ORLY,O’Reilly Automotive,Consumer Discretionary,Automotive Retail,91.53,107.82,78.66,92.84,93.83,97.02,97.79,96.15,-0.2,13.69,104.06,89.97
OXY,Occidental Petroleum,Energy,Oil & Gas Exploration & Production,39.72,51.56,35.51,39.84,40.56,41.14,41.21,42.95,0.0,8.08,42.93,39.35
ODFL,Old Dominion,Industrials,Cargo Ground Transportation,157.34,207.79,126.04,157.2,156.23,148.62,141.23,152.41,0.1,7.08,168.48,128.75
OMC,Omnicom Group,Communication Services,Advertising,80.26,86.49,68.6,81.15,78.99,75.73,75.65,74.97,0.2,4.54,83.9,67.56
ON,ON Semiconductor,Information Technology,Semiconductors,54.65,67.9,31.95,54.39,54.96,53.02,51.05,48.51,0.2,8.29,59.18,46.87
OKE,Oneok,Energy,Oil & Gas Storage & Transportation,71.85,104.36,64.31,72.11,73.14,73.08,69.94,76.96,-0.3,6.58,76.58,69.58
ORCL,Oracle Corporation,Information Technology,Application Software,194.03,327.76,122.35,185.22,198.0,201.23,236.77,213.09,-0.2,17.06,227.13,175.32
OTIS,Otis Worldwide,Industrials,Industrial Machinery & Supplies & Components,87.07,102.87,84.13,87.99,87.69,87.67,89.25,92.45,0.2,2.52,89.26,86.09
PCAR,Paccar,Industrials,Construction Machinery & Heavy Transportation Equipment,111.95,113.48,85.53,112.04,111.67,108.73,101.81,97.12,0.0,3.44,115.8,101.67
PKG,Packaging Corporation of America,Materials,Paper & Plastic Packaging Products & Materials,203.39,236.16,172.76,203.58,201.5,199.76,200.28,196.86,-0.2,2.26,207.99,191.52
PLTR,Palantir Technologies,Information Technology,Application Software,194.45,207.18,64.98,185.69,185.08,176.98,179.95,146.94,-0.2,1.54,197.44,156.51
PANW,Palo Alto Networks,Information Technology,Systems Software,186.99,221.38,152.44,185.86,189.46,189.45,202.42,192.18,-0.2,6.13,198.45,180.44
PSKY,Paramount Skydance Corporation,Communication Services,Movies & Entertainment,13.05,19.65,10.01,13.37,13.84,14.53,15.42,13.73,-0.2,26.36,16.49,12.56
PH,Parker Hannifin,Industrials,Industrial Machinery & Supplies & Components,871.35,899.13,513.45,872.09,877.63,868.45,817.1,712.97,0.2,3.11,898.45,838.43
PAYX,Paychex,Industrials,Human Resource & Employment Services,112.37,157.06,108.46,114.78,114.21,112.86,115.89,135.21,0.0,3.65,116.47,109.24
PAYC,Paycom,Industrials,Human Resource & Employment Services,163.35,264.67,159.21,164.04,164.34,163.54,175.73,214.23,0.4,2.63,167.65,159.44
PYPL,PayPal,Financials,Transaction & Payment Processing Services,59.42,91.6,57.28,60.22,60.75,61.26,64.63,68.19,0.2,6.26,63.14,59.37
PNR,Pentair,Industrials,Industrial Machinery & Supplies & Components,103.75,112.34,75.59,104.05,104.35,104.78,106.3,100.72,0.0,3.08,106.95,102.61
PEP,PepsiCo,Consumer Staples,Soft Drinks & Non-alcoholic Beverages,148.4,152.22,124.61,149.89,148.91,147.45,146.92,139.51,0.2,2.38,151.93,142.97
PFE,Pfizer,Health Care,Pharmaceuticals,25.23,26.9,20.47,25.45,25.58,25.55,24.9,23.87,0.0,4.16,26.28,24.82
PCG,PG&E Corporation,Utilities,Multi-Utilities,15.84,20.3,12.98,15.59,15.3,15.47,15.97,15.66,0.2,2.46,16.23,14.7
PM,Philip Morris International,Consumer Staples,Tobacco,158.99,181.86,114.18,158.25,154.43,154.04,153.91,162.36,-0.1,1.62,161.57,146.52
PSX,Phillips 66,Energy,Oil & Gas Refining & Marketing,128.72,143.81,90.32,132.63,137.07,136.98,135.06,123.15,0.0,13.27,145.8,128.17
PNW,Pinnacle West Capital,Utilities,Multi-Utilities,87.52,92.82,78.54,88.23,87.66,88.44,89.31,89.24,0.2,3.64,90.71,86.17
PNC,PNC Financial Services,Financials,Diversified Banks,210.9,211.49,145.61,210.31,208.04,200.48,190.03,182.75,0.0,3.2,217.65,183.33
POOL,Pool Corporation,Consumer Discretionary,Distributors,232.02,358.43,230.21,235.93,237.1,239.75,257.26,294.97,-0.2,6.61,247.36,232.15
PPG,PPG Industries,Materials,Specialty Chemicals,102.57,121.09,89.82,103.32,102.32,101.09,99.37,105.91,-0.1,2.13,104.75,97.42
PPL,PPL Corporation,Utilities,Electric Utilities,34.52,37.66,30.6,34.37,33.97,34.67,35.84,35.02,-0.2,6.52,36.77,32.56
PFG,Principal Financial Group,Financials,Life & Health Insurance,88.77,91.54,67.57,89.53,89.44,87.0,83.31,78.99,0.2,4.22,92.52,81.49
PG,Procter & Gamble,Consumer Staples,Personal Care Products,144.54,172.77,138.34,145.64,142.96,145.06,147.15,155.55,0.0,4.9,151.62,138.51
PGR,Progressive Corporation,Financials,Property & Casualty Insurance,224.54,290.89,203.7,228.97,228.25,227.63,223.03,251.66,-0.1,4.54,234.73,220.52
PLD,Prologis,Real Estate,Industrial REITs,127.32,129.65,87.44,128.06,127.99,127.48,124.43,110.82,0.2,2.1,129.99,124.96
PRU,Prudential Financial,Financials,Life & Health Insurance,114.39,117.6,91.53,116.06,115.21,111.91,106.14,103.23,0.2,4.4,119.42,104.4
PEG,Public Service Enterprise Group,Utilities,Electric Utilities,80.45,88.72,75.32,80.31,79.49,80.2,81.16,80.8,0.0,2.78,82.69,77.7
PTC,PTC Inc.,Information Technology,Application Software,177.62,216.53,136.74,175.64,175.54,175.04,184.76,182.01,0.2,0.82,179.08,171.0
PSA,Public Storage,Real Estate,Self-Storage REITs,259.61,308.4,258.1,265.6,266.38,268.25,278.02,283.34,-0.2,6.44,276.33,260.17
PHM,PulteGroup,Consumer Discretionary,Homebuilding,118.82,140.9,91.48,122.79,124.25,124.94,121.74,114.52,-0.2,10.27,131.02,118.87
PWR,Quanta Services,Industrials,Construction & Engineering,427.64,466.91,236.5,427.51,442.58,448.13,442.4,371.36,0.2,12.07,479.26,416.98
QCOM,Qualcomm,Information Technology,Semiconductors,175.29,186.73,122.59,175.44,177.03,172.57,170.96,156.91,0.0,5.23,184.46,160.68
DGX,Quest Diagnostics,Health Care,Health Care Services,175.85,192.35,148.06,178.78,179.9,183.38,183.22,176.16,0.2,9.71,192.93,173.83
Q,Qnity Electronics,Information Technology,Semiconductor Materials & Equipment,79.6,,,78.0,80.93,80.0,,,0.3,8.91,86.69,73.3
RL,Ralph Lauren Corporation,Consumer Discretionary,"Apparel, Accessories & Luxury Goods",362.51,371.7,181.18,367.86,364.68,362.25,340.68,286.63,0.2,4.38,378.39,346.11
RJF,Raymond James Financial,Financials,Investment Banking & Brokerage,161.72,175.92,122.89,161.55,163.16,160.03,160.42,154.87,0.0,4.1,168.35,151.7
RTX,RTX Corporation,Industrials,Aerospace & Defense,182.82,182.82,112.01,180.07,177.46,174.27,172.68,150.26,0.2,0.11,183.02,165.51
O,Realty Income,Real Estate,Retail REITs,56.79,60.07,48.92,57.37,57.28,57.3,57.56,56.35,0.0,3.12,58.56,56.05
REG,Regency Centers,Real Estate,Retail REITs,68.75,74.66,63.5,67.98,67.45,68.54,69.31,69.68,0.0,3.58,71.21,65.87
REGN,Regeneron Pharmaceuticals,Health Care,Biotechnology,764.6,787.32,481.73,752.42,737.22,744.93,677.5,599.52,0.0,3.84,793.96,695.9
RF,Regions Financial Corporation,Financials,Regional Banks,27.56,27.84,17.76,27.5,27.31,26.38,25.04,23.49,0.0,3.59,28.55,24.2
RSG,Republic Services,Industrials,Environmental & Facilities Services,213.35,256.75,198.59,214.18,212.4,214.17,214.29,232.32,0.0,2.94,219.62,208.73
RMD,ResMed,Health Care,Health Care Equipment,244.45,293.03,203.19,246.67,248.61,250.64,253.88,252.74,-0.2,5.6,258.14,243.14
RVTY,Revvity,Health Care,Health Care Equipment,95.91,126.56,82.44,96.86,99.08,100.8,96.37,94.86,0.0,11.34,106.79,94.82
HOOD,Robinhood Markets,Financials,Investment Banking & Brokerage,122.18,152.46,34.17,117.96,124.05,124.34,129.42,94.29,0.0,15.76,141.44,107.25
ROK,Rockwell Automation,Industrials,Electrical Components & Equipment,395.35,413.05,216.41,395.85,401.05,397.22,376.32,325.71,0.2,4.7,413.93,380.52
ROL,"Rollins, Inc.",Industrials,Environmental & Facilities Services,60.48,61.5,45.1,60.08,59.72,60.32,58.51,56.43,-0.2,2.63,62.07,58.56
ROP,Roper Technologies,Information Technology,Electronic Equipment & Instruments,445.9,591.12,439.64,447.21,445.74,445.27,458.88,526.3,0.0,1.13,450.94,439.59
ROST,Ross Stores,Consumer Discretionary,Apparel Retail,181.82,184.28,121.95,182.76,181.57,178.92,166.62,145.9,0.0,1.95,185.37,172.47
RCL,Royal Caribbean Group,Consumer Discretionary,"Hotels, Resorts & Cruise Lines",295.71,364.72,176.89,287.21,275.57,269.41,277.34,278.4,0.2,-0.29,294.85,243.96
SPGI,S&P Global,Financials,Financial Exchanges & Data,510.85,562.06,435.88,505.53,500.04,497.59,491.67,506.43,0.1,-0.2,509.83,485.37
CRM,Salesforce,Information Technology,Application Software,257.77,357.62,225.01,256.4,258.92,247.32,246.81,256.59,0.1,6.63,274.86,219.79
SNDK,Sandisk,Information Technology,"Technology Hardware, Storage & Peripherals",236.97,,,214.89,220.0,216.89,204.65,90.57,0.0,2.07,241.88,191.9
SBAC,SBA Communications,Real Estate,Telecom Tower REITs,190.25,239.71,186.46,190.93,190.86,191.08,193.22,211.96,0.2,2.85,195.67,186.48
SLB,Schlumberger,Energy,Oil & Gas Equipment & Services,38.13,42.4,31.19,38.26,38.76,37.62,36.06,35.14,0.2,6.48,40.6,34.64
STX,Seagate Technology,Information Technology,"Technology Hardware, Storage & Peripherals",305.03,307.85,65.98,289.68,291.11,277.64,259.35,166.87,0.0,2.23,311.83,243.47
SRE,Sempra,Utilities,Multi-Utilities,87.06,94.03,62.32,87.52,87.87,89.67,90.75,79.69,-0.2,7.93,93.96,85.37
NOW,ServiceNow,Information Technology,Systems Software,154.09,234.08,144.33,154.64,163.21,164.03,172.42,181.83,-0.2,14.89,177.03,151.03
SHW,Sherwin-Williams,Materials,Specialty Chemicals,320.15,374.36,311.42,325.96,326.23,332.69,334.75,343.86,0.0,8.42,347.11,318.27
SPG,Simon Property Group,Real Estate,Retail REITs,184.72,185.39,135.26,184.14,182.3,181.94,179.08,166.0,0.0,0.61,185.85,178.04
SWKS,Skyworks Solutions,Information Technology,Semiconductors,64.51,90.17,47.71,65.28,66.82,66.52,69.37,69.2,0.0,9.84,70.86,62.18
SJM,J.M. Smucker Company (The),Consumer Staples,Packaged Foods & Meats,98.71,115.07,92.55,100.17,100.31,101.24,102.95,106.27,0.0,6.24,104.87,97.61
SW,Smurfit Westrock,Materials,Paper & Plastic Packaging Products & Materials,38.22,54.52,32.79,38.02,37.38,36.32,37.53,42.07,0.0,2.49,39.17,33.48
SNA,Snap-on,Industrials,Industrial Machinery & Supplies & Components,346.97,351.95,286.43,347.87,348.04,344.35,339.28,324.93,0.0,2.18,354.53,334.18
SOLS,Solstice Advanced Materials,Materials,Specialty Chemicals,50.02,,,48.84,48.76,47.72,,,-0.1,1.34,50.69,44.75
SOLV,Solventum,Health Care,Health Care Technology,81.08,85.77,63.01,80.84,81.46,83.21,76.56,73.49,-0.2,7.61,87.25,79.17
SO,Southern Company,Utilities,Electric Utilities,85.65,98.91,78.34,86.32,85.59,87.23,90.94,90.3,0.0,6.53,91.24,83.22
LUV,Southwest Airlines,Industrials,Passenger Airlines,41.13,42.17,23.77,41.35,40.46,37.72,34.38,32.12,0.0,6.52,43.81,31.63
SWK,Stanley Black & Decker,Industrials,Industrial Machinery & Supplies & Components,72.7,86.37,53.89,72.9,73.68,71.96,68.83,68.79,0.2,6.29,77.27,66.65
SBUX,Starbucks,Consumer Discretionary,Restaurants,88.65,113.43,77.9,86.75,85.34,85.46,84.17,86.89,-0.1,0.17,88.8,82.11
STT,State Street Corporation,Financials,Asset Management & Custody Banks,128.36,129.6,74.25,127.84,127.56,123.07,118.68,104.85,0.2,3.72,133.13,113.01
STLD,Steel Dynamics,Materials,Steel,174.26,174.58,108.4,171.93,170.74,168.28,158.76,136.4,0.2,1.34,176.6,159.96
STE,Steris,Health Care,Health Care Equipment,254.57,267.99,200.94,252.98,254.67,258.99,251.91,238.82,0.2,5.88,269.54,248.44
SYK,Stryker Corporation,Health Care,Health Care Equipment,355.85,402.61,335.89,353.71,353.22,361.13,365.17,374.33,0.0,6.2,377.91,344.35
SMCI,Supermicro,Information Technology,"Technology Hardware, Storage & Peripherals",31.13,60.71,26.85,30.67,32.5,32.93,40.8,42.66,0.0,16.19,36.17,29.69
SYF,Synchrony Financial,Financials,Consumer Finance,84.31,85.66,43.2,83.56,83.3,80.49,75.88,66.15,0.2,3.42,87.19,73.79
SNPS,Synopsys,Information Technology,Application Software,469.18,645.35,380.9,459.68,463.6,447.15,434.89,488.58,0.1,6.63,500.29,394.0
SYY,Sysco,Consumer Staples,Food Distributors,74.74,82.73,67.09,75.22,74.35,74.66,75.68,75.48,0.2,3.08,77.04,72.28
TMUS,T-Mobile US,Communication Services,Wireless Telecommunication Services,197.74,269.54,195.16,198.31,198.32,203.12,210.62,234.26,-0.2,8.1,213.76,192.48
TROW,T. Rowe Price,Financials,Asset Management & Custody Banks,102.89,111.66,77.29,103.53,103.46,102.5,101.8,97.13,0.2,3.13,106.11,98.89
TTWO,Take-Two Interactive,Communication Services,Interactive Home Entertainment,247.88,262.29,178.61,244.83,245.01,244.63,247.58,234.22,0.0,1.5,251.6,237.65
TPR,"Tapestry, Inc.",Consumer Discretionary,"Apparel, Accessories & Luxury Goods",125.1,125.4,59.9,123.87,121.93,115.95,111.74,94.53,0.0,3.54,129.53,102.38
TRGP,Targa Resources,Energy,Oil & Gas Storage & Transportation,178.24,212.51,145.33,179.59,181.07,177.25,166.02,167.68,0.1,4.89,186.96,167.54
TGT,Target Corporation,Consumer Staples,Consumer Staples Merchandise Retail,97.44,136.48,83.68,98.06,96.57,93.07,91.34,94.57,0.1,3.97,101.31,84.83
TEL,TE Connectivity,Information Technology,Electronic Manufacturing Services,229.93,249.0,121.04,227.25,232.92,228.77,232.36,188.61,0.0,6.0,243.73,213.82
TDY,Teledyne Technologies,Information Technology,Electronic Equipment & Instruments,510.8,593.62,435.54,507.78,512.31,506.89,520.22,517.44,0.2,3.08,526.53,487.24
TER,Teradyne,Information Technology,Semiconductor Materials & Equipment,195.47,204.01,67.74,191.62,196.24,189.01,171.75,115.18,0.0,9.81,214.65,163.38
TSLA,"Tesla, Inc.",Consumer Discretionary,Automobile Manufacturers,482.23,489.88,221.86,479.61,463.61,443.85,439.27,350.13,0.0,3.15,497.42,390.3
TXN,Texas Instruments,Information Technology,Semiconductors,177.82,217.72,142.07,176.81,178.73,174.6,168.85,179.33,0.1,6.6,189.56,159.64
TPL,Texas Pacific Land Corporation,Energy,Oil & Gas Exploration & Production,898.01,1423.41,820.69,867.35,874.32,878.89,914.67,1054.77,0.0,4.01,934.02,823.79
TXT,Textron,Industrials,Aerospace & Defense,89.85,89.85,60.68,87.9,86.69,84.71,82.53,78.38,0.2,-0.45,89.45,79.97
TMO,Thermo Fisher Scientific,Health Care,Life Sciences Tools & Services,566.41,604.6,389.62,567.48,569.15,576.83,567.1,482.26,0.0,5.4,597.0,556.65
TJX,TJX Companies,Consumer Discretionary,Apparel Retail,154.67,156.71,111.77,155.4,155.18,153.22,147.4,133.03,0.0,2.02,157.79,148.64
TKO,TKO Group Holdings,Communication Services,Movies & Entertainment,212.76,212.76,137.6,210.82,206.09,198.74,190.57,174.34,0.0,2.67,218.44,179.03
TTD,Trade Desk (The),Communication Services,Advertising,37.15,127.93,36.19,36.89,37.61,38.5,44.09,57.84,0.0,10.39,41.01,36.0
TSCO,Tractor Supply,Consumer Discretionary,Other Specialty Retail,51.47,62.38,47.42,52.57,52.52,53.21,53.96,54.3,0.0,7.05,55.1,51.31
TT,Trane Technologies,Industrials,Building Products,389.77,471.46,313.81,389.62,393.81,402.77,415.19,406.21,-0.2,8.92,424.54,381.0
TDG,TransDigm Group,Industrials,Aerospace & Defense,1278.97,1516.55,1152.5,1273.21,1299.85,1323.65,1313.17,1325.42,-0.1,8.65,1389.6,1257.75
TRV,Travelers Companies (The),Financials,Property & Casualty Insurance,291.98,293.65,228.7,291.42,286.05,286.91,279.09,267.26,0.2,1.87,297.44,276.38
TRMB,Trimble Inc.,Information Technology,Electronic Equipment & Instruments,81.22,85.24,55.12,80.14,81.0,81.08,79.59,75.47,0.0,3.61,84.15,78.02
TFC,Truist Financial,Financials,Diversified Banks,49.9,50.15,33.53,49.89,49.42,47.99,45.36,42.23,0.0,2.69,51.24,44.74
TYL,Tyler Technologies,Information Technology,Application Software,458.08,646.74,447.0,452.38,454.06,459.88,475.2,540.25,-0.2,3.64,474.75,444.98
TSN,Tyson Foods,Consumer Staples,Packaged Foods & Meats,58.53,62.13,50.27,58.6,58.23,57.46,54.26,55.29,-0.1,3.28,60.45,54.47
USB,U.S. Bancorp,Financials,Diversified Banks,53.93,53.93,35.62,53.74,53.23,51.37,48.66,45.07,0.0,3.23,55.67,47.07
UBER,Uber,Industrials,Passenger Ground Transportation,79.04,100.1,60.21,80.13,83.7,85.43,90.19,87.64,-0.2,18.27,93.48,77.37
UDR,"UDR, Inc.",Real Estate,Multi-Family Residential REITs,35.78,44.54,33.56,35.91,35.57,35.7,35.34,38.56,-0.1,2.32,36.61,34.8
ULTA,Ulta Beauty,Consumer Discretionary,Other Specialty Retail,598.04,602.97,314.47,591.7,594.63,562.11,539.4,475.56,0.2,5.6,631.53,492.69
UNP,Union Pacific Corporation,Industrials,Rail Transportation,234.43,248.49,204.53,236.39,236.05,233.11,225.64,223.52,0.2,3.21,241.96,224.27
UAL,United Airlines Holdings,Industrials,Passenger Airlines,113.33,113.33,56.15,111.33,108.98,105.19,99.94,88.34,0.2,2.33,115.97,94.4
UPS,United Parcel Service,Industrials,Air Freight & Logistics,101.88,127.5,81.17,101.02,99.87,97.58,92.89,92.85,0.2,1.28,103.18,91.97
URI,United Rentals,Industrials,Trading Companies & Distributors,809.44,1017.86,548.35,806.33,807.23,807.39,857.97,792.08,-0.2,2.49,829.6,785.21
UNH,UnitedHealth Group,Health Care,Managed Health Care,327.89,587.56,234.7,332.59,331.71,328.59,335.52,350.18,0.0,4.41,342.35,314.85
UHS,Universal Health Services,Health Care,Health Care Facilities,227.5,243.98,154.65,224.73,224.52,230.73,222.48,191.1,-0.2,7.9,245.47,215.98
VLO,Valero Energy,Energy,Oil & Gas Refining & Marketing,161.95,184.27,102.32,163.5,168.26,172.05,170.35,144.32,0.2,13.13,183.21,160.87
VTR,Ventas,Real Estate,Health Care REITs,79.78,81.0,55.68,79.11,78.94,79.46,75.83,68.31,0.0,2.21,81.54,77.37
VLTO,Veralto,Industrials,Environmental & Facilities Services,100.56,109.64,85.14,100.2,99.42,100.39,100.48,100.67,0.0,3.12,103.7,97.08
VRSN,Verisign,Information Technology,Internet Services & Infrastructure,244.42,304.16,189.78,243.21,243.8,247.61,248.92,264.51,-0.2,4.95,256.52,238.69
VRSK,Verisk Analytics,Industrials,Research & Consulting Services,219.51,320.32,208.0,218.62,218.01,220.62,223.92,270.94,0.0,3.34,226.84,214.39
VZ,Verizon,Communication Services,Integrated Telecommunication Services,39.92,44.3,36.0,40.55,40.52,40.71,40.35,41.68,0.1,4.31,41.64,39.78
VRTX,Vertex Pharmaceuticals,Health Care,Biotechnology,451.13,513.76,366.54,451.74,448.04,443.07,430.06,441.1,-0.3,3.4,466.47,419.69
VTRS,Viatris,Health Care,Pharmaceuticals,11.98,11.98,7.0,11.75,11.59,11.13,10.61,9.35,0.0,1.34,12.14,10.12
VICI,Vici Properties,Real Estate,Hotel & Resort REITs,27.75,32.93,26.65,28.05,27.82,27.94,29.15,30.72,0.0,3.39,28.69,27.18
V,Visa Inc.,Financials,Transaction & Payment Processing Services,348.43,371.92,304.76,346.17,340.34,335.57,337.4,343.26,0.0,1.06,352.12,319.02
VST,Vistra Corp.,Utilities,Electric Utilities,164.24,217.92,97.84,166.42,167.29,170.21,182.07,172.17,0.2,9.54,179.91,160.51
VMC,Vulcan Materials Company,Materials,Construction Materials,292.52,308.54,219.27,290.99,293.38,292.83,292.08,273.31,0.0,2.6,300.13,285.54
WRB,W. R. Berkley Corporation,Financials,Property & Casualty Insurance,69.61,77.23,55.22,69.19,68.04,70.63,72.64,70.23,-0.2,12.43,78.26,63.0
GWW,W. W. Grainger,Industrials,Industrial Machinery & Supplies & Components,1020.93,1122.37,913.57,1022.43,1008.04,980.98,962.89,997.61,0.1,2.8,1049.52,912.43
WAB,Wabtec,Industrials,Construction Machinery & Heavy Transportation Equipment,215.05,217.77,159.62,213.97,213.94,211.08,204.47,195.95,0.0,2.58,220.6,201.55
WMT,Walmart,Consumer Staples,Consumer Staples Merchandise Retail,114.51,116.79,81.24,115.44,115.03,112.62,107.27,98.81,0.2,4.79,120.0,105.24
DIS,Walt Disney Company (The),Communication Services,Movies & Entertainment,111.16,123.18,80.83,111.15,109.86,106.86,108.66,108.77,0.0,2.28,113.69,100.02
WBD,Warner Bros. Discovery,Communication Services,Broadcasting,28.2,29.98,7.69,28.53,28.71,26.38,23.26,14.62,0.0,11.28,31.38,21.37
WM,Waste Management,Industrials,Environmental & Facilities Services,217.59,239.43,196.01,218.58,214.92,214.8,210.69,222.1,-0.1,1.58,221.03,208.58
WAT,Waters Corporation,Health Care,Life Sciences Tools & Services,376.24,417.28,277.72,378.72,384.59,392.39,371.72,339.19,-0.2,9.62,412.43,372.34
WEC,WEC Energy Group,Utilities,Electric Utilities,104.5,116.56,89.09,104.85,104.47,106.95,110.58,107.04,0.0,8.11,112.97,100.94
WFC,Wells Fargo,Financials,Diversified Banks,92.88,92.9,59.98,92.41,91.7,89.12,86.45,78.17,0.2,2.81,95.49,82.75
WELL,Welltower,Real Estate,Health Care REITs,187.8,208.22,121.65,189.06,190.48,197.16,188.31,163.75,0.0,13.03,212.27,182.06
WST,West Pharmaceutical Services,Health Care,Health Care Supplies,271.05,346.74,189.89,269.43,268.93,273.16,273.72,240.99,0.0,4.72,283.84,262.47
WDC,Western Digital,Information Technology,"Technology Hardware, Storage & Peripherals",184.96,187.2,30.42,174.57,175.77,166.61,151.61,86.75,0.2,2.69,189.94,143.3
WY,Weyerhaeuser,Real Estate,Timber REITs,23.69,30.38,21.15,23.53,23.17,22.49,22.67,24.97,0.0,1.69,24.09,20.88
WSM,"Williams-Sonoma, Inc.",Consumer Discretionary,Homefurnishing Retail,191.51,215.07,135.95,187.5,186.14,182.43,186.56,176.82,-0.2,0.26,192.01,172.86
WMB,Williams Companies,Energy,Oil & Gas Storage & Transportation,58.41,63.95,50.27,58.76,59.64,60.03,59.67,58.32,0.2,7.14,62.58,57.49
WTW,Willis Towers Watson,Financials,Insurance Brokers,330.52,349.93,294.27,330.11,326.06,322.49,324.04,320.06,-0.2,0.78,333.1,311.88
WDAY,"Workday, Inc.",Information Technology,Application Software,219.19,277.82,210.47,216.86,219.88,219.65,227.43,235.54,0.0,4.95,230.04,209.28
WYNN,Wynn Resorts,Consumer Discretionary,Casinos & Gaming,127.5,133.09,65.64,126.35,125.52,126.61,123.28,105.4,-0.2,4.38,133.08,120.14
XEL,Xcel Energy,Utilities,Multi-Utilities,73.0,82.11,61.84,73.84,74.51,77.04,79.26,72.62,0.0,13.29,82.7,71.39
XYL,Xylem Inc.,Industrials,Industrial Machinery & Supplies & Components,137.93,152.52,101.96,137.47,137.82,139.13,143.69,132.86,0.0,3.18,142.32,135.94
YUM,Yum! Brands,Consumer Discretionary,Restaurants,154.17,160.2,120.91,153.37,149.55,149.69,146.87,146.47,0.2,2.05,157.33,142.06
ZBRA,Zebra Technologies,Information Technology,Electronic Equipment & Instruments,251.55,421.11,213.54,257.0,262.79,257.78,265.88,287.54,0.0,9.58,275.65,239.91
ZBH,Zimmer Biomet,Health Care,Health Care Equipment,89.32,112.61,87.55,90.92,91.68,93.2,94.89,97.97,0.0,9.2,97.54,88.87
ZTS,Zoetis,Health Care,Pharmaceuticals,122.92,173.89,115.75,122.43,120.04,122.12,128.98,148.06,-0.2,5.18,129.29,114.96
